PRAGMA foreign_keys=OFF;
BEGIN TRANSACTION;
CREATE TABLE character (id integer not null primary key autoincrement, name text not null UNIQUE, race_id integer, class_id integer);
INSERT INTO character VALUES(2,'Werunth',3,3);
INSERT INTO character VALUES(3,'Harelath',4,2);
INSERT INTO character VALUES(4,'Zuroth',5,1);
INSERT INTO character VALUES(5,'Dorath',1,5);
INSERT INTO character VALUES(6,'Sharian',2,4);
INSERT INTO character VALUES(7,'Maiel',3,3);
INSERT INTO character VALUES(8,'Melron',4,2);
INSERT INTO character VALUES(9,'Melkorn',5,1);
INSERT INTO character VALUES(10,'Meralia',1,5);
INSERT INTO character VALUES(11,'Galeron',2,4);
INSERT INTO character VALUES(12,'Dalior',3,3);
INSERT INTO character VALUES(13,'Oristor',4,2);
INSERT INTO character VALUES(14,'Yverath',5,1);
INSERT INTO character VALUES(15,'Deraldorion',1,5);
INSERT INTO character VALUES(16,'Doriolin',2,4);
INSERT INTO character VALUES(17,'Melion',3,3);
INSERT INTO character VALUES(18,'Turimbar',4,2);
INSERT INTO character VALUES(19,'Turin',5,1);
INSERT INTO character VALUES(20,'Reolath',1,5);
INSERT INTO character VALUES(21,'Theolas',2,4);
INSERT INTO character VALUES(22,'Eoner',3,3);
INSERT INTO character VALUES(23,'Eoren',4,2);
INSERT INTO character VALUES(24,'Alwund',5,1);
INSERT INTO character VALUES(25,'Tarathiel',1,5);
INSERT INTO character VALUES(26,'Throk',2,4);
INSERT INTO character VALUES(27,'Eldron',3,3);
INSERT INTO character VALUES(28,'Eltharien',4,2);
INSERT INTO character VALUES(29,'Elthar',5,1);
INSERT INTO character VALUES(30,'Relath',1,5);
INSERT INTO character VALUES(31,'Garndal',2,4);
INSERT INTO character VALUES(32,'Vuldred',3,3);
INSERT INTO character VALUES(33,'Njorn',4,2);
INSERT INTO character VALUES(34,'Perulian',5,1);
INSERT INTO character VALUES(35,'Loruthan',1,5);
INSERT INTO character VALUES(36,'Vulrend',2,4);
CREATE TABLE race (id integer not null primary key autoincrement, name text not null unique);
INSERT INTO race VALUES(1,'Dwarves');
INSERT INTO race VALUES(2,'Elves');
INSERT INTO race VALUES(3,'Humans');
INSERT INTO race VALUES(4,'Goblins');
INSERT INTO race VALUES(5,'Orcs');
CREATE TABLE class (id integer not null primary key autoincrement, name text not null UNIQUE);
INSERT INTO class VALUES(1,'Warrior');
INSERT INTO class VALUES(2,'Gunslinger');
INSERT INTO class VALUES(3,'Archer');
INSERT INTO class VALUES(4,'Assassin');
INSERT INTO class VALUES(5,'Tank');
CREATE TABLE item (id integer not null primary key autoincrement, name text not null UNIQUE, price integer default 0, weight REAL, rarity integer CHECK(rarity between 1 and 5) default 1, maximum integer default 1);
INSERT INTO item VALUES(1,'Adobe',426,8.0,5,22);
INSERT INTO item VALUES(2,'Aluminum Ingot',694,13.0,1,19);
INSERT INTO item VALUES(3,'Animal Bone',1184,13.0,4,24);
INSERT INTO item VALUES(4,'Animal Fat',1717,12.0,4,23);
INSERT INTO item VALUES(5,'Animal Hide',1420,8.0,5,9);
INSERT INTO item VALUES(6,'Bamboo Stick',1227,4.0,5,15);
INSERT INTO item VALUES(7,'Beeswax',1669,18.0,1,9);
INSERT INTO item VALUES(8,'Black Dye',1872,17.0,1,16);
INSERT INTO item VALUES(9,'Blue Alloy',1808,11.0,5,16);
INSERT INTO item VALUES(10,'Blue Coral Powder',547,11.0,1,24);
INSERT INTO item VALUES(11,'Blue Dye',1340,19.0,1,14);
INSERT INTO item VALUES(12,'Blue Metal',1091,2.0,3,19);
INSERT INTO item VALUES(13,'Bolts',1747,1.0,2,16);
INSERT INTO item VALUES(14,'Brick',866,12.0,2,3);
INSERT INTO item VALUES(15,'Bronze Ingot',1904,3.0,5,2);
INSERT INTO item VALUES(16,'Carved Wood',384,7.0,3,9);
INSERT INTO item VALUES(17,'Cattail',803,7.0,3,19);
INSERT INTO item VALUES(18,'Cement',1315,18.0,4,25);
INSERT INTO item VALUES(19,'Charcoal',91,19.0,5,9);
INSERT INTO item VALUES(20,'Clay',1775,12.0,3,22);
INSERT INTO item VALUES(21,'Cloth',1309,17.0,3,5);
INSERT INTO item VALUES(22,'Coal',645,3.0,2,1);
INSERT INTO item VALUES(23,'Copper Ingot',53,0.0,4,19);
INSERT INTO item VALUES(24,'Copper Ore',183,10.0,1,9);
INSERT INTO item VALUES(25,'Crafted Leather',604,10.0,5,24);
INSERT INTO item VALUES(26,'Cursed Wood',1208,18.0,1,16);
INSERT INTO item VALUES(27,'Duct Tape',1993,16.0,1,12);
INSERT INTO item VALUES(28,'Electronic Components',1348,10.0,2,10);
INSERT INTO item VALUES(29,'Empty Can',888,6.0,1,6);
INSERT INTO item VALUES(30,'Feather',1542,7.0,4,14);
INSERT INTO item VALUES(31,'Fertile Soil',1604,6.0,1,23);
INSERT INTO item VALUES(32,'Firewood',377,18.0,1,20);
INSERT INTO item VALUES(33,'Flint',837,8.0,1,24);
INSERT INTO item VALUES(34,'Gas',1372,5.0,5,23);
INSERT INTO item VALUES(35,'Glass',1968,4.0,5,21);
INSERT INTO item VALUES(36,'Glue',1348,10.0,1,25);
INSERT INTO item VALUES(37,'Gold Ingot',260,13.0,3,19);
INSERT INTO item VALUES(38,'Gold Nugget',969,6.0,3,17);
INSERT INTO item VALUES(39,'Gravel',114,4.0,5,17);
INSERT INTO item VALUES(40,'Green Dye',1225,19.0,5,15);
INSERT INTO item VALUES(41,'Hard Skin',334,4.0,4,20);
INSERT INTO item VALUES(42,'Hardwood',101,9.0,2,4);
INSERT INTO item VALUES(43,'Iron Ingot',480,18.0,2,13);
INSERT INTO item VALUES(44,'Iron Ore',367,15.0,2,2);
INSERT INTO item VALUES(45,'Jade',1988,11.0,1,20);
INSERT INTO item VALUES(46,'Large Stone',874,12.0,5,23);
INSERT INTO item VALUES(47,'Leather',112,15.0,1,5);
INSERT INTO item VALUES(48,'Leather Straps',1826,12.0,3,12);
INSERT INTO item VALUES(49,'Marble',1007,13.0,1,19);
INSERT INTO item VALUES(50,'Metal Scraps',1187,3.0,2,17);
INSERT INTO item VALUES(51,'Metal Shard',1115,5.0,5,13);
INSERT INTO item VALUES(52,'Metal Wire',946,10.0,1,14);
INSERT INTO item VALUES(53,'Monster Scales',1583,5.0,3,21);
INSERT INTO item VALUES(54,'Nails',360,8.0,3,8);
INSERT INTO item VALUES(55,'Orange Dye',32,13.0,4,5);
INSERT INTO item VALUES(56,'Paper',879,14.0,5,22);
INSERT INTO item VALUES(57,'Plant Fiber',1685,11.0,5,13);
INSERT INTO item VALUES(58,'Plastic',1475,13.0,2,11);
INSERT INTO item VALUES(59,'Purple Coral Powder',386,6.0,4,9);
INSERT INTO item VALUES(60,'Purple Dye',1519,6.0,3,3);
INSERT INTO item VALUES(61,'Quartz',1703,2.0,3,15);
INSERT INTO item VALUES(62,'Red Coral Powder',1557,14.0,5,15);
INSERT INTO item VALUES(63,'Red Dye',111,0.0,1,19);
INSERT INTO item VALUES(64,'Rooftiles',1029,15.0,5,10);
INSERT INTO item VALUES(65,'Rope',741,10.0,2,6);
INSERT INTO item VALUES(66,'Rubber',1818,6.0,5,24);
INSERT INTO item VALUES(67,'Sand',592,16.0,3,3);
INSERT INTO item VALUES(68,'Sharp Stone',72,1.0,2,4);
INSERT INTO item VALUES(69,'Silicon',369,5.0,4,1);
INSERT INTO item VALUES(70,'Silver Ingot',247,4.0,4,15);
INSERT INTO item VALUES(71,'Silver Ore',1128,19.0,3,19);
INSERT INTO item VALUES(72,'Slate',528,18.0,2,16);
INSERT INTO item VALUES(73,'Small Stone',424,8.0,3,7);
INSERT INTO item VALUES(74,'Steel Ingot',1486,17.0,3,18);
INSERT INTO item VALUES(75,'Steel Plates',210,1.0,3,6);
INSERT INTO item VALUES(76,'Stick',1492,2.0,1,14);
INSERT INTO item VALUES(77,'Straws',214,12.0,3,20);
INSERT INTO item VALUES(78,'Thread',381,12.0,3,20);
INSERT INTO item VALUES(79,'Timber',755,5.0,4,20);
INSERT INTO item VALUES(80,'Tin',1636,11.0,3,9);
INSERT INTO item VALUES(81,'Titanium Dust',182,15.0,4,6);
INSERT INTO item VALUES(82,'Titanium Ingot',1094,16.0,3,10);
INSERT INTO item VALUES(83,'Turquoise',1170,13.0,1,10);
INSERT INTO item VALUES(84,'Varnish',58,5.0,4,24);
INSERT INTO item VALUES(85,'Whetstone',532,15.0,3,1);
INSERT INTO item VALUES(86,'White Coral Powder',904,0.0,5,22);
INSERT INTO item VALUES(87,'White Dye',1464,16.0,5,5);
INSERT INTO item VALUES(88,'Wood Log',66,15.0,5,8);
INSERT INTO item VALUES(89,'Wood Planks',597,8.0,2,21);
INSERT INTO item VALUES(90,'Wool',1945,10.0,2,10);
INSERT INTO item VALUES(91,'Yellow Coral Powder',910,9.0,4,14);
INSERT INTO item VALUES(92,'Yellow Dye',1462,9.0,5,5);
CREATE TABLE inventory (id integer not null primary key autoincrement, character_id integer, item_id integer);
DELETE FROM sqlite_sequence;
INSERT INTO sqlite_sequence VALUES('character',35);
INSERT INTO sqlite_sequence VALUES('race',5);
INSERT INTO sqlite_sequence VALUES('class',5);
INSERT INTO sqlite_sequence VALUES('item',92);
COMMIT;
